{
    "users": [
        {
            "name":             "Ghost Owner",
            "email":            "ghost@ghost.org",
            "status":           "inactive"
        }
    ],
    "posts": [
        {
            "title":            "Welcome to Ghost",
            "slug":             "welcome-to-ghost",
            "markdown":         "You're live! Nice. We've put together a little post to introduce you to the Ghost editor and get you started. You can manage your content by signing in to the admin area at `<your blog URL>/ghost/`. When you arrive, you can select this post from a list on the left and see a preview of it on the right. Click the little pencil icon at the top of the preview to edit this post and read the next section!\n\n## Getting Started\n\nGhost uses something called Markdown for writing. Essentially, it's a shorthand way to manage your post formatting as you write!\n\nWriting in Markdown is really easy. In the left hand panel of Ghost, you simply write as you normally would. Where appropriate, you can use *shortcuts* to **style** your content. For example, a list:\n\n* Item number one\n* Item number two\n    * A nested item\n* A final item\n\nor with numbers!\n\n1. Remember to buy some milk\n2. Drink the milk\n3. Tweet that I remembered to buy the milk, and drank it\n\n### Links\n\nWant to link to a source? No problem. If you paste in a URL, like http://ghost.org - it'll automatically be linked up. But if you want to customise your anchor text, you can do that too! Here's a link to [the Ghost website](http://ghost.org). Neat.\n\n### What about Images?\n\nImages work too! Already know the URL of the image you want to include in your article? Simply paste it in like this to make it show up:\n\n![The Ghost Logo](https://ghost.org/images/ghost.png)\n\nNot sure which image you want to use yet? That's ok too. Leave yourself a descriptive placeholder and keep writing. Come back later and drag and drop the image in to upload:\n\n![A bowl of bananas]\n\n\n### Quoting\n\nSometimes a link isn't enough, you want to quote someone on what they've said. Perhaps you've started using a new blogging platform and feel the sudden urge to share their slogan? A quote might be just the way to do it!\n\n> Ghost - Just a blogging platform\n\n### Working with Code\n\nGot a streak of geek? We've got you covered there, too. You can write inline `<code>` blocks really easily with back ticks. Want to show off something more comprehensive? 4 spaces of indentation gets you there.\n    .awesome-thing {\n        display: block;\n        width: 100%;\n    }\n\n### Ready for a Break? \n\nThrow 3 or more dashes down on any new line and you've got yourself a fancy new divider. Aw yeah.\n\n---\n\n### Advanced Usage\n\nThere's one fantastic secret about Markdown. If you want, you can write plain old HTML and it'll still work! Very flexible.\n\n<input type=\"text\" placeholder=\"I'm an input field!\" />\n\nThat should be enough to get you started. Have fun - and let us know what you think :)",
            "image":            null,
            "featured":         false,
            "page":             false,
            "status":           "published",
            "language":         "en_US",
            "meta_title":       null,
            "meta_description": null
        }
    ],

    "tags": [
        {
            "name":             "Getting Started",
            "slug":             "getting-started",
            "description":      null,
            "parent_id":        null,
            "meta_title":       null,
            "meta_description": null
        }
    ],

    "roles": [
        {
            "name":             "Administrator",
            "description":      "Administrators"
        },
        {
            "name":             "Editor",
            "description":      "Editors"
        },
        {
            "name":             "Author",
            "description":      "Authors"
        },
        {
            "name":             "Owner",
            "description":      "Blog Owner"
        }
    ],

    "clients": [
        {
            "name":             "Ghost Admin",
            "slug":             "ghost-admin",
            "secret":           "not_available"
        }
    ]
}